<?xml version="1.0" encoding="UTF-8"?>
<project-private xmlns="http://www.netbeans.org/ns/project-private/1">
    <editor-bookmarks xmlns="http://www.netbeans.org/ns/editor-bookmarks/2" lastBookmarkId="0"/>
    <open-files xmlns="http://www.netbeans.org/ns/projectui-open-files/2">
        <group>
            <file>file:/G:/Universidad%20Distrital/4to%20Semestre/Programacion%20Multinivel/proyecto_vehiculo_final/src/modelo/Persona.java</file>
            <file>file:/G:/Universidad%20Distrital/4to%20Semestre/Programacion%20Multinivel/proyecto_vehiculo_final/src/modelo/Conexion.java</file>
            <file>file:/G:/Universidad%20Distrital/4to%20Semestre/Programacion%20Multinivel/proyecto_vehiculo_final/src/modelo/Formulario.java</file>
            <file>file:/G:/Universidad%20Distrital/4to%20Semestre/Programacion%20Multinivel/proyecto_vehiculo_final/src/modelo/FormularioDAO.java</file>
        </group>
    </open-files>
</project-private>
